{   
   "name": "spell-points",   
   "title": "Spell Points",   
   "description": "Sharing Spell Point macros across worlds",   
   "author": "Mythaell",
   "version": "1.0.0",
   "minimumCoreVersion": "0.6.2",
   "compatibleCoreVersion":"0.6.2",
   "packs": [
    {
      "name": "macros",
      "label": "Mythic Macros",
      "path": "packs/macros.db",
      "entity": "Macro",
      "module": "spell-points"
    },
	    {
      "name": "playlists",
      "label": "Mythic Playlists",
      "path": "packs/playlists.db",
      "entity": "Playlist",
      "module": "spell-points"
    },
	    {
      "name": "items",
      "label": "Mythic Items",
      "path": "packs/items.db",
      "entity": "Item",
      "module": "spell-points"
    }
  ]
 }
